epoch,loss,val_loss
0,-0.844583950009942,-1.1432946479797363
1,-1.1442442576090495,-1.1446189516067504
2,-1.1446856650352477,-1.1447173810958862
3,-1.1447247326215109,-1.144728423500061
